{
  "models/gemini-flash-lite-latest::san francisco": {
    "ts": 1765622510.427781,
    "zones": [
      "Sunset District, San Francisco, CA, USA",
      "Richmond District, San Francisco, CA, USA",
      "Mission District, San Francisco, CA, USA",
      "Marina District, San Francisco, CA, USA",
      "Nob Hill, San Francisco, CA, USA",
      "SoMa (South of Market), San Francisco, CA, USA",
      "Chinatown, San Francisco, CA, USA",
      "North Beach, San Francisco, CA, USA",
      "Pacific Heights, San Francisco, CA, USA",
      "Tenderloin, San Francisco, CA, USA"
    ]
  },
  "models/gemini-flash-lite-latest::baltimore": {
    "ts": 1768742453.6365237,
    "zones": [
      "Federal Hill, Baltimore, MD, USA",
      "Inner Harbor, Baltimore, MD, USA",
      "Fells Point, Baltimore, MD, USA",
      "Canton, Baltimore, MD, USA",
      "Mount Vernon, Baltimore, MD, USA",
      "Highlandtown, Baltimore, MD, USA",
      "Pigtown, Baltimore, MD, USA",
      "South Baltimore, Baltimore, MD, USA",
      "Charles Village, Baltimore, MD, USA",
      "West Baltimore, Baltimore, MD, USA"
    ]
  }
}